id;name;address;catch_phrase;ceo;phone;email;exchange
GLEN;Glenn Ltd;5939 Brittney Point Apt. 066Cookville, GA 56492;Pre-emptive mission-critical instruction set;Aaron Martinez;7350577135;tiffany71@david-harrington.com;DAX
WAR;Warren-Sanders;USCGC HarrisFPO AP 99012;Stand-alone multi-tasking matrices;Alexis Combs;(754)035-1324x710;garciaryan@warren-castillo.biz;SSX
FI;Fields PLC;811 Ashley Junction Apt. 875Lake Monique, WV 07723;Re-engineered real-time utilization;Susan Jones;311-240-3292;thompsontiffany@sanchez.biz;DAX
HAY;Hayden PLC;276 Hayley Radial Suite 411Brittanybury, MH 00755;Multi-channeled neutral time-frame;Anna Mclaughlin;571.085.5711;emily32@mays.net;DOW-JONES
PETE;Petersen, Mendoza and Davidson;917 Lisa Plain Apt. 509South Robertfort, NV 93919;Expanded clear-thinking portal;Sheila Rogers;+1-782-138-5186x88889;jessica50@jenkins.net;NASDAQ
MOOR;Moore-Anderson;76604 Santos RoadEast Victoriaborough, VI 86658;Proactive high-level task-force;Kevin Smith;4059610642;davidperez@duncan-jenkins.com;FTSE
WIN;Winters and Sons;0600 Lloyd Pass Suite 690East James, NC 97773;Intuitive zero-defect firmware;George Smith;(370)669-7338x797;jennifer29@king.biz;NASDAQ
ST;Steele-Hunt;0662 Stephanie LodgeSarabury, MN 46524;Quality-focused heuristic flexibility;Ryan Hunt;(591)368-6863;lrichardson@wells-myers.com;DAX
DO;Douglas LLC;82625 Danny Route Suite 458Rebeccaburgh, NV 01954;Right-sized uniform superstructure;Jim Green;926-906-9968;mcculloughmichelle@anderson.com;DAX
WE;Wells-Cooper;29085 Michael ViewsNew Lisafurt, FM 14607;Exclusive intermediate circuit;Steven Hanson;(432)719-1586x47588;simoncorey@briggs-dixon.com;DAX
WHE;Wheeler-Cantrell;77418 Soto Ford Apt. 709Gardnerfurt, FM 30716;Sharable 4thgeneration open system;Kenneth Burgess;125.847.1169x58049;blackmichael@hanson-bush.com;DAX
WOOD;Wood-Savage;21865 Blake Cliffs Apt. 814South Alexander, MO 85528;Vision-oriented even-keeled Local Area Network;Paula Ballard;868-426-6014x431;evan71@vincent-bond.com;DAX
WH;White Inc;944 Janice Park Apt. 728Lake Stevenville, GU 58024;Advanced tangible data-warehouse;Terri Bailey;(348)256-1335x148;albert72@meadows.net;DOW-JONES
ALVA;Alvarado, Butler and Reed;391 Mcneil Ramp Apt. 885East Tracy, TX 15699;Synergistic mission-critical structure;April Wagner;250-754-2012;michael69@hoffman.com;NASDAQ
MOR;Morris-Martin;Unit 8769 Box 5881DPO AA 83041;Enhanced encompassing model;Brittany Sullivan;539.341.9520x297;jenniferbaker@rivera.org;SSX
OLS;Olson, Wilson and Eaton;49759 Lauren CrestLisaville, NC 36529;Monitored system-worthy groupware;Jacob Roy;+1-176-636-8843x05715;awilson@brown-reeves.org;DAX
HARR;Harris-Zimmerman;606 James SpurFrazierchester, IL 01897;Open-architected maximized data-warehouse;Theresa Holland;+1-970-741-1457x133;jasonday@potter.info;DAX
YOU;Young, Holmes and Thompson;01845 Grant Haven Suite 033Georgestad, VI 91239;Versatile disintermediate implementation;Henry Bell;001-263-212-2929x834;amata@rush-washington.com;DOW-JONES
KELL;Kelly, Randall and Cortez;851 Shannon MissionNew Williamton, MA 65809;Innovative actuating project;Charles Camacho;001-612-038-2023x15863;johnnyrodriguez@torres-soto.biz;DAX
RUIZ;Ruiz-Watkins;9929 Zamora Locks Apt. 061Cassandraberg, VA 63104;Open-source heuristic infrastructure;Sean Garcia;006.979.7674x118;josephhunter@garcia.com;SSX
CH;Chapman and Sons;04929 Sullivan Lakes Suite 572North Amy, TX 52037;Quality-focused foreground hierarchy;Traci Zimmerman;(596)047-9763x9279;watsonautumn@garcia.com;DOW-JONES
COOK;Cook Group;593 Sosa Hill Apt. 165Richardsonburgh, NC 33493;Proactive multi-state architecture;Blake Morris;001-329-565-1914x19550;lisachandler@richardson.com;FTSE
STAN;Stanton, Flores and Scott;6536 Jon Drives Apt. 332Lake Melissa, PW 28866;Multi-layered executive installation;Andrew Rogers;001-915-354-1873;davilacynthia@simpson-hernandez.com;FTSE
NUNE;Nunez LLC;9095 Sutton Tunnel Apt. 653South Marc, KS 35593;Customizable cohesive core;Scott Barry;(834)737-9776x23500;reeseryan@andrews-walker.biz;DAX
RIC;Rice-Sparks;13735 Charles SpringsDustinchester, TX 46226;Open-source homogeneous instruction set;Andrew Mason;958.591.7682x9536;gregorywalker@keller.com;SSX
